{
    "loss": 1.349544882774353,
    "accuracy": 0.7844827771186829
}