{
    "loss": 0.5709688663482666,
    "accuracy": 0.8362069129943848
}